0,-1.0,-1.0,-1.0,-1.0,0.0,-1.0;
1000,-1.0,-1.0,-1.0,-0.998,0.004,-0.97;
2000,-1.0,-1.0,-1.0,-0.996,0.008,-0.94;
3000,-1.0,-1.0,-1.0,-0.994,0.012,-0.90999997;
4000,-1.0,-1.0,-1.0,-0.992,0.016,-0.88;
5000,-1.0,-1.0,-1.0,-0.99,0.02,-0.85;
6000,-1.0,-1.0,-1.0,-0.988,0.024,-0.82;
7000,-1.0,-1.0,-1.0,-0.986,0.028,-0.79;
8000,-1.0,-1.0,-1.0,-0.984,0.032,-0.76;
9000,-1.0,-1.0,-1.0,-0.982,0.036,-0.73;
10000,-1.0,-1.0,-1.0,-0.98,0.04,-0.7;
11000,-1.0,-1.0,-1.0,-0.978,0.044,-0.66999996;
12000,-1.0,-1.0,-1.0,-0.976,0.048,-0.64;
13000,-1.0,-1.0,-1.0,-0.974,0.052,-0.61;
14000,-1.0,-1.0,-1.0,-0.972,0.056,-0.58000004;
15000,-1.0,-1.0,-1.0,-0.97,0.06,-0.55;
16000,-1.0,-1.0,-1.0,-0.968,0.064,-0.52;
17000,-1.0,-1.0,-1.0,-0.966,0.068,-0.49;
18000,-1.0,-1.0,-1.0,-0.964,0.072,-0.45999998;
19000,-1.0,-1.0,-1.0,-0.962,0.076,-0.43;
20000,-1.0,-1.0,-1.0,-0.96,0.08,-0.39999998;
21000,-1.0,-1.0,-1.0,-0.958,0.084,-0.37;
22000,-1.0,-1.0,-1.0,-0.956,0.088,-0.33999997;
23000,-1.0,-1.0,-1.0,-0.954,0.092,-0.31;
24000,-1.0,-1.0,-1.0,-0.952,0.096,-0.27999997;
25000,-1.0,-1.0,-1.0,-0.95,0.1,-0.25;
26000,-1.0,-1.0,-1.0,-0.948,0.104,-0.22000003;
27000,-1.0,-1.0,-1.0,-0.946,0.108,-0.19;
28000,-1.0,-1.0,-1.0,-0.944,0.112,-0.16000003;
29000,-1.0,-1.0,-1.0,-0.94200003,0.116,-0.13;
30000,-1.0,-1.0,-1.0,-0.94,0.12,-0.100000024;
31000,-1.0,-1.0,-1.0,-0.938,0.124,-0.06999999;
32000,-1.0,-1.0,-1.0,-0.936,0.128,-0.04000002;
33000,-1.0,-1.0,-1.0,-0.934,0.132,-0.00999999;
34000,-1.0,-1.0,-1.0,-0.932,0.136,0.01999998;
35000,-1.0,-1.0,-1.0,-0.93,0.14,0.049999952;
36000,-1.0,-1.0,-1.0,-0.928,0.144,0.08000004;
37000,-1.0,-1.0,-1.0,-0.926,0.148,0.110000014;
38000,-1.0,-1.0,-1.0,-0.924,0.152,0.13999999;
39000,-1.0,-1.0,-1.0,-0.922,0.156,0.16999996;
40000,-1.0,-1.0,-1.0,-0.92,0.16,0.20000005;
41000,-1.0,-1.0,-1.0,-0.918,0.164,0.23000002;
42000,-1.0,-1.0,-1.0,-0.916,0.168,0.26;
43000,-1.0,-1.0,-1.0,-0.914,0.172,0.28999996;
44000,-1.0,-1.0,-1.0,-0.912,0.176,0.32000005;
45000,-1.0,-1.0,-1.0,-0.90999997,0.18,0.35000002;
46000,-1.0,-1.0,-1.0,-0.908,0.184,0.38;
47000,-1.0,-1.0,-1.0,-0.906,0.188,0.40999997;
48000,-1.0,-1.0,-1.0,-0.904,0.192,0.44000006;
49000,-1.0,-1.0,-1.0,-0.902,0.196,0.47000003;
50000,-1.0,-1.0,-1.0,-0.9,0.2,0.5;
51000,-1.0,-1.0,-1.0,-0.898,0.204,0.53;
52000,-1.0,-1.0,-1.0,-0.896,0.208,0.55999994;
53000,-1.0,-1.0,-1.0,-0.894,0.212,0.59000003;
54000,-1.0,-1.0,-1.0,-0.892,0.216,0.62;
55000,-1.0,-1.0,-1.0,-0.89,0.22,0.65;
56000,-1.0,-1.0,-1.0,-0.888,0.224,0.67999995;
57000,-1.0,-1.0,-1.0,-0.886,0.228,0.71000004;
58000,-1.0,-1.0,-1.0,-0.884,0.232,0.74;
59000,-1.0,-1.0,-1.0,-0.88199997,0.236,0.77;
60000,-1.0,-1.0,-1.0,-0.88,0.24,0.79999995;
61000,-1.0,-1.0,-1.0,-0.878,0.244,0.83000004;
62000,-1.0,-1.0,-1.0,-0.876,0.248,0.86;
63000,-1.0,-1.0,-1.0,-0.874,0.252,0.89;
64000,-1.0,-1.0,-1.0,-0.872,0.256,0.91999996;
65000,-1.0,-1.0,-1.0,-0.87,0.26,0.95000005;
66000,-1.0,-1.0,-1.0,-0.86800003,0.264,0.98;
67000,-1.0,-1.0,-1.0,-0.866,0.268,-0.99;
68000,-1.0,-1.0,-1.0,-0.86399996,0.272,-0.96;
69000,-1.0,-1.0,-1.0,-0.862,0.276,-0.93;
70000,-1.0,-1.0,-1.0,-0.86,0.28,-0.9;
71000,-1.0,-1.0,-1.0,-0.858,0.284,-0.87;
72000,-1.0,-1.0,-1.0,-0.856,0.288,-0.84000003;
73000,-1.0,-1.0,-1.0,-0.854,0.292,-0.81;
74000,-1.0,-1.0,-1.0,-0.852,0.296,-0.78;
75000,-1.0,-1.0,-1.0,-0.85,0.3,-0.75;
76000,-1.0,-1.0,-1.0,-0.848,0.304,-0.72;
77000,-1.0,-1.0,-1.0,-0.846,0.308,-0.69;
78000,-1.0,-1.0,-1.0,-0.844,0.312,-0.65999997;
79000,-1.0,-1.0,-1.0,-0.842,0.316,-0.63;
80000,-1.0,-1.0,-1.0,-0.84000003,0.32,-0.6;
81000,-1.0,-1.0,-1.0,-0.838,0.324,-0.57;
82000,-1.0,-1.0,-1.0,-0.83599997,0.328,-0.53999996;
83000,-1.0,-1.0,-1.0,-0.834,0.332,-0.51;
84000,-1.0,-1.0,-1.0,-0.832,0.336,-0.48000002;
85000,-1.0,-1.0,-1.0,-0.83,0.34,-0.45;
86000,-1.0,-1.0,-1.0,-0.828,0.344,-0.42000002;
87000,-1.0,-1.0,-1.0,-0.826,0.348,-0.39;
88000,-1.0,-1.0,-1.0,-0.824,0.352,-0.36;
89000,-1.0,-1.0,-1.0,-0.822,0.356,-0.32999998;
90000,-1.0,-1.0,-1.0,-0.82,0.36,-0.3;
91000,-1.0,-1.0,-1.0,-0.818,0.364,-0.26999998;
92000,-1.0,-1.0,-1.0,-0.816,0.368,-0.24000001;
93000,-1.0,-1.0,-1.0,-0.814,0.372,-0.20999998;
94000,-1.0,-1.0,-1.0,-0.81200004,0.376,-0.18;
95000,-1.0,-1.0,-1.0,-0.81,0.38,-0.14999998;
96000,-1.0,-1.0,-1.0,-0.80799997,0.384,-0.120000005;
97000,-1.0,-1.0,-1.0,-0.806,0.388,-0.089999974;
98000,-1.0,-1.0,-1.0,-0.804,0.392,-0.060000002;
99000,-1.0,-1.0,-1.0,-0.802,0.396,-0.029999971;
100000,-1.0,-1.0,-1.0,-0.8,0.4,0.0;
101000,-1.0,-1.0,-1.0,-0.798,0.404,0.029999971;
102000,-1.0,-1.0,-1.0,-0.796,0.408,0.059999943;
103000,-1.0,-1.0,-1.0,-0.794,0.412,0.09000003;
104000,-1.0,-1.0,-1.0,-0.792,0.416,0.120000005;
105000,-1.0,-1.0,-1.0,-0.79,0.42,0.14999998;
106000,-1.0,-1.0,-1.0,-0.788,0.424,0.17999995;
107000,-1.0,-1.0,-1.0,-0.786,0.428,0.21000004;
108000,-1.0,-1.0,-1.0,-0.784,0.432,0.24000001;
109000,-1.0,-1.0,-1.0,-0.782,0.436,0.26999998;
110000,-1.0,-1.0,-1.0,-0.78,0.44,0.29999995;
111000,-1.0,-1.0,-1.0,-0.778,0.444,0.33000004;
112000,-1.0,-1.0,-1.0,-0.776,0.448,0.36;
113000,-1.0,-1.0,-1.0,-0.774,0.452,0.39;
114000,-1.0,-1.0,-1.0,-0.772,0.456,0.41999996;
115000,-1.0,-1.0,-1.0,-0.77,0.46,0.45000005;
116000,-1.0,-1.0,-1.0,-0.768,0.464,0.48000002;
117000,-1.0,-1.0,-1.0,-0.76600003,0.468,0.51;
118000,-1.0,-1.0,-1.0,-0.764,0.472,0.53999996;
119000,-1.0,-1.0,-1.0,-0.76199996,0.476,0.57000005;
120000,-1.0,-1.0,-1.0,-0.76,0.48,0.6;
121000,-1.0,-1.0,-1.0,-0.758,0.484,0.63;
122000,-1.0,-1.0,-1.0,-0.756,0.488,0.65999997;
123000,-1.0,-1.0,-1.0,-0.754,0.492,0.69000006;
124000,-1.0,-1.0,-1.0,-0.752,0.496,0.72;
125000,-1.0,-1.0,0.0,-0.75,0.5,0.75;
126000,-1.0,-1.0,1.0,-0.748,0.504,0.78;
127000,-1.0,-1.0,1.0,-0.746,0.508,0.80999994;
128000,-1.0,-1.0,1.0,-0.74399996,0.512,0.84000003;
129000,-1.0,-1.0,1.0,-0.742,0.516,0.87;
130000,-1.0,-1.0,1.0,-0.74,0.52,0.9;
131000,-1.0,-1.0,1.0,-0.73800004,0.524,0.92999995;
132000,-1.0,-1.0,1.0,-0.736,0.528,0.96000004;
133000,-1.0,-1.0,1.0,-0.73399997,0.532,0.99;
134000,-1.0,-1.0,1.0,-0.732,0.536,-0.98;
135000,-1.0,-1.0,1.0,-0.73,0.54,-0.95;
136000,-1.0,-1.0,1.0,-0.728,0.544,-0.92;
137000,-1.0,-1.0,1.0,-0.726,0.548,-0.89;
138000,-1.0,-1.0,1.0,-0.724,0.552,-0.86;
139000,-1.0,-1.0,1.0,-0.722,0.556,-0.83;
140000,-1.0,-1.0,1.0,-0.72,0.56,-0.8;
141000,-1.0,-1.0,1.0,-0.718,0.564,-0.77;
142000,-1.0,-1.0,1.0,-0.71599996,0.568,-0.74;
143000,-1.0,-1.0,1.0,-0.714,0.572,-0.71000004;
144000,-1.0,-1.0,1.0,-0.712,0.576,-0.68;
145000,-1.0,-1.0,1.0,-0.71000004,0.58,-0.65;
146000,-1.0,-1.0,1.0,-0.708,0.584,-0.62;
147000,-1.0,-1.0,1.0,-0.706,0.588,-0.59000003;
148000,-1.0,-1.0,1.0,-0.704,0.592,-0.56;
149000,-1.0,-1.0,1.0,-0.702,0.596,-0.53;
150000,-1.0,-1.0,1.0,-0.7,0.6,-0.5;
151000,-1.0,-1.0,1.0,-0.698,0.604,-0.47000003;
152000,-1.0,-1.0,1.0,-0.696,0.608,-0.44;
153000,-1.0,-1.0,1.0,-0.694,0.612,-0.41000003;
154000,-1.0,-1.0,1.0,-0.69200003,0.616,-0.38;
155000,-1.0,-1.0,1.0,-0.69,0.62,-0.35000002;
156000,-1.0,-1.0,1.0,-0.68799996,0.624,-0.32;
157000,-1.0,-1.0,1.0,-0.686,0.628,-0.29000002;
158000,-1.0,-1.0,1.0,-0.684,0.632,-0.26;
159000,-1.0,-1.0,1.0,-0.68200004,0.636,-0.23000002;
160000,-1.0,-1.0,1.0,-0.68,0.64,-0.19999999;
161000,-1.0,-1.0,1.0,-0.678,0.644,-0.17000002;
162000,-1.0,-1.0,1.0,-0.676,0.648,-0.13999999;
163000,-1.0,-1.0,1.0,-0.674,0.652,-0.110000014;
164000,-1.0,-1.0,1.0,-0.672,0.656,-0.07999998;
165000,-1.0,-1.0,1.0,-0.66999996,0.66,-0.050000012;
166000,-1.0,-1.0,1.0,-0.668,0.664,-0.01999998;
167000,-1.0,-1.0,1.0,-0.666,0.668,0.00999999;
168000,-1.0,-1.0,1.0,-0.66400003,0.672,0.03999996;
169000,-1.0,-1.0,1.0,-0.662,0.676,0.07000005;
170000,-1.0,-1.0,1.0,-0.65999997,0.68,0.100000024;
171000,-1.0,-1.0,1.0,-0.658,0.684,0.13;
172000,-1.0,-1.0,1.0,-0.656,0.688,0.15999997;
173000,-1.0,-1.0,1.0,-0.65400004,0.692,0.19000006;
174000,-1.0,-1.0,1.0,-0.652,0.696,0.22000003;
175000,-1.0,-1.0,1.0,-0.65,0.7,0.25;
176000,-1.0,-1.0,1.0,-0.648,0.704,0.27999997;
177000,-1.0,-1.0,1.0,-0.646,0.708,0.30999994;
178000,-1.0,-1.0,1.0,-0.644,0.712,0.34000003;
179000,-1.0,-1.0,1.0,-0.64199996,0.716,0.37;
180000,-1.0,-1.0,1.0,-0.64,0.72,0.39999998;
181000,-1.0,-1.0,1.0,-0.638,0.724,0.42999995;
182000,-1.0,-1.0,1.0,-0.63600004,0.728,0.46000004;
183000,-1.0,-1.0,1.0,-0.634,0.732,0.49;
184000,-1.0,-1.0,1.0,-0.63199997,0.736,0.52;
185000,-1.0,-1.0,1.0,-0.63,0.74,0.54999995;
186000,-1.0,-1.0,1.0,-0.628,0.744,0.58000004;
187000,-1.0,-1.0,1.0,-0.626,0.748,0.61;
188000,-1.0,-1.0,1.0,-0.624,0.752,0.64;
189000,-1.0,-1.0,1.0,-0.622,0.756,0.66999996;
190000,-1.0,-1.0,1.0,-0.62,0.76,0.70000005;
191000,-1.0,-1.0,1.0,-0.61800003,0.764,0.73;
192000,-1.0,-1.0,1.0,-0.616,0.768,0.76;
193000,-1.0,-1.0,1.0,-0.61399996,0.772,0.78999996;
194000,-1.0,-1.0,1.0,-0.612,0.776,0.82000005;
195000,-1.0,-1.0,1.0,-0.61,0.78,0.85;
196000,-1.0,-1.0,1.0,-0.60800004,0.784,0.88;
197000,-1.0,-1.0,1.0,-0.606,0.788,0.90999997;
198000,-1.0,-1.0,1.0,-0.604,0.792,0.94000006;
199000,-1.0,-1.0,1.0,-0.602,0.796,0.97;
200000,-1.0,-1.0,1.0,-0.6,0.8,-1.0;
201000,-1.0,-1.0,1.0,-0.598,0.804,-0.97;
202000,-1.0,-1.0,1.0,-0.59599996,0.808,-0.94;
203000,-1.0,-1.0,1.0,-0.594,0.812,-0.90999997;
204000,-1.0,-1.0,1.0,-0.592,0.816,-0.88;
205000,-1.0,-1.0,1.0,-0.59000003,0.82,-0.85;
206000,-1.0,-1.0,1.0,-0.588,0.824,-0.82;
207000,-1.0,-1.0,1.0,-0.58599997,0.828,-0.79;
208000,-1.0,-1.0,1.0,-0.584,0.832,-0.76;
209000,-1.0,-1.0,1.0,-0.582,0.836,-0.73;
210000,-1.0,-1.0,1.0,-0.58000004,0.84,-0.7;
211000,-1.0,-1.0,1.0,-0.578,0.844,-0.66999996;
212000,-1.0,-1.0,1.0,-0.576,0.848,-0.64;
213000,-1.0,-1.0,1.0,-0.574,0.852,-0.61;
214000,-1.0,-1.0,1.0,-0.572,0.856,-0.58000004;
215000,-1.0,-1.0,1.0,-0.57,0.86,-0.55;
216000,-1.0,-1.0,1.0,-0.56799996,0.864,-0.52;
217000,-1.0,-1.0,1.0,-0.566,0.868,-0.49;
218000,-1.0,-1.0,1.0,-0.564,0.872,-0.45999998;
219000,-1.0,-1.0,1.0,-0.56200004,0.876,-0.43;
220000,-1.0,-1.0,1.0,-0.56,0.88,-0.39999998;
221000,-1.0,-1.0,1.0,-0.55799997,0.884,-0.37;
222000,-1.0,-1.0,1.0,-0.556,0.888,-0.33999997;
223000,-1.0,-1.0,1.0,-0.554,0.892,-0.31;
224000,-1.0,-1.0,1.0,-0.552,0.896,-0.27999997;
225000,-1.0,-1.0,1.0,-0.55,0.9,-0.25;
226000,-1.0,-1.0,1.0,-0.548,0.904,-0.22000003;
227000,-1.0,-1.0,1.0,-0.546,0.908,-0.19;
228000,-1.0,-1.0,1.0,-0.544,0.912,-0.16000003;
229000,-1.0,-1.0,1.0,-0.542,0.916,-0.13;
230000,-1.0,-1.0,1.0,-0.53999996,0.92,-0.100000024;
231000,-1.0,-1.0,1.0,-0.538,0.924,-0.06999999;
232000,-1.0,-1.0,1.0,-0.536,0.928,-0.04000002;
233000,-1.0,-1.0,1.0,-0.53400004,0.932,-0.00999999;
234000,-1.0,-1.0,1.0,-0.532,0.936,0.01999998;
235000,-1.0,-1.0,1.0,-0.53,0.94,0.049999952;
236000,-1.0,-1.0,1.0,-0.528,0.944,0.08000004;
237000,-1.0,-1.0,1.0,-0.526,0.948,0.110000014;
238000,-1.0,-1.0,1.0,-0.524,0.952,0.13999999;
239000,-1.0,-1.0,1.0,-0.522,0.956,0.16999996;
240000,-1.0,-1.0,1.0,-0.52,0.96,0.20000005;
241000,-1.0,-1.0,1.0,-0.518,0.964,0.23000002;
242000,-1.0,-1.0,1.0,-0.51600003,0.968,0.26;
243000,-1.0,-1.0,1.0,-0.514,0.972,0.28999996;
244000,-1.0,-1.0,1.0,-0.51199996,0.976,0.32000005;
245000,-1.0,-1.0,1.0,-0.51,0.98,0.35000002;
246000,-1.0,-1.0,1.0,-0.508,0.984,0.38;
247000,-1.0,-1.0,1.0,-0.50600004,0.988,0.40999997;
248000,-1.0,-1.0,1.0,-0.504,0.992,0.44000006;
249000,-1.0,-1.0,1.0,-0.502,0.996,0.47000003;
250000,-1.0,0.0,1.0,-0.5,-1.0,0.5;
251000,-1.0,1.0,1.0,-0.49800003,-0.99600005,0.53;
252000,-1.0,1.0,1.0,-0.496,-0.992,0.55999994;
253000,-1.0,1.0,1.0,-0.49400002,-0.98800004,0.59000003;
254000,-1.0,1.0,1.0,-0.49199998,-0.98399997,0.62;
255000,-1.0,1.0,1.0,-0.49,-0.98,0.65;
256000,-1.0,1.0,1.0,-0.48799998,-0.97599995,0.67999995;
257000,-1.0,1.0,1.0,-0.486,-0.972,0.71000004;
258000,-1.0,1.0,1.0,-0.48400003,-0.96800005,0.74;
259000,-1.0,1.0,1.0,-0.482,-0.964,0.77;
260000,-1.0,1.0,1.0,-0.48000002,-0.96000004,0.79999995;
261000,-1.0,1.0,1.0,-0.478,-0.956,0.83000004;
262000,-1.0,1.0,1.0,-0.476,-0.952,0.86;
263000,-1.0,1.0,1.0,-0.47399998,-0.94799995,0.89;
264000,-1.0,1.0,1.0,-0.472,-0.944,0.91999996;
265000,-1.0,1.0,1.0,-0.47000003,-0.94000006,0.95000005;
266000,-1.0,1.0,1.0,-0.468,-0.936,0.98;
267000,-1.0,1.0,1.0,-0.46600002,-0.93200004,-0.99;
268000,-1.0,1.0,1.0,-0.464,-0.928,-0.96;
269000,-1.0,1.0,1.0,-0.462,-0.924,-0.93;
270000,-1.0,1.0,1.0,-0.45999998,-0.91999996,-0.9;
271000,-1.0,1.0,1.0,-0.458,-0.916,-0.87;
272000,-1.0,1.0,1.0,-0.45599997,-0.91199994,-0.84000003;
273000,-1.0,1.0,1.0,-0.454,-0.908,-0.81;
274000,-1.0,1.0,1.0,-0.45200002,-0.90400004,-0.78;
275000,-1.0,1.0,1.0,-0.45,-0.9,-0.75;
276000,-1.0,1.0,1.0,-0.448,-0.896,-0.72;
277000,-1.0,1.0,1.0,-0.44599998,-0.89199996,-0.69;
278000,-1.0,1.0,1.0,-0.444,-0.888,-0.65999997;
279000,-1.0,1.0,1.0,-0.44199997,-0.88399994,-0.63;
280000,-1.0,1.0,1.0,-0.44,-0.88,-0.6;
281000,-1.0,1.0,1.0,-0.43800002,-0.87600005,-0.57;
282000,-1.0,1.0,1.0,-0.436,-0.872,-0.53999996;
283000,-1.0,1.0,1.0,-0.43400002,-0.86800003,-0.51;
284000,-1.0,1.0,1.0,-0.43199998,-0.86399996,-0.48000002;
285000,-1.0,1.0,1.0,-0.43,-0.86,-0.45;
286000,-1.0,1.0,1.0,-0.42799997,-0.85599995,-0.42000002;
287000,-1.0,1.0,1.0,-0.426,-0.852,-0.39;
288000,-1.0,1.0,1.0,-0.42400002,-0.84800005,-0.36;
289000,-1.0,1.0,1.0,-0.422,-0.844,-0.32999998;
290000,-1.0,1.0,1.0,-0.42000002,-0.84000003,-0.3;
291000,-1.0,1.0,1.0,-0.41799998,-0.83599997,-0.26999998;
292000,-1.0,1.0,1.0,-0.416,-0.832,-0.24000001;
293000,-1.0,1.0,1.0,-0.41399997,-0.82799995,-0.20999998;
294000,-1.0,1.0,1.0,-0.412,-0.824,-0.18;
295000,-1.0,1.0,1.0,-0.41000003,-0.82000005,-0.14999998;
296000,-1.0,1.0,1.0,-0.408,-0.816,-0.120000005;
297000,-1.0,1.0,1.0,-0.40600002,-0.81200004,-0.089999974;
298000,-1.0,1.0,1.0,-0.40399998,-0.80799997,-0.060000002;
299000,-1.0,1.0,1.0,-0.402,-0.804,-0.029999971;
300000,-1.0,1.0,1.0,-0.39999998,-0.79999995,0.0;
301000,-1.0,1.0,1.0,-0.398,-0.796,0.029999971;
302000,-1.0,1.0,1.0,-0.39600003,-0.79200006,0.059999943;
303000,-1.0,1.0,1.0,-0.394,-0.788,0.09000003;
304000,-1.0,1.0,1.0,-0.39200002,-0.78400004,0.120000005;
305000,-1.0,1.0,1.0,-0.39,-0.78,0.14999998;
306000,-1.0,1.0,1.0,-0.388,-0.776,0.17999995;
307000,-1.0,1.0,1.0,-0.38599998,-0.77199996,0.21000004;
308000,-1.0,1.0,1.0,-0.384,-0.768,0.24000001;
309000,-1.0,1.0,1.0,-0.38200003,-0.76400006,0.26999998;
310000,-1.0,1.0,1.0,-0.38,-0.76,0.29999995;
311000,-1.0,1.0,1.0,-0.37800002,-0.75600004,0.33000004;
312000,-1.0,1.0,1.0,-0.376,-0.752,0.36;
313000,-1.0,1.0,1.0,-0.374,-0.748,0.39;
314000,-1.0,1.0,1.0,-0.37199998,-0.74399996,0.41999996;
315000,-1.0,1.0,1.0,-0.37,-0.74,0.45000005;
316000,-1.0,1.0,1.0,-0.36799997,-0.73599994,0.48000002;
317000,-1.0,1.0,1.0,-0.366,-0.732,0.51;
318000,-1.0,1.0,1.0,-0.36400002,-0.72800004,0.53999996;
319000,-1.0,1.0,1.0,-0.362,-0.724,0.57000005;
320000,-1.0,1.0,1.0,-0.36,-0.72,0.6;
321000,-1.0,1.0,1.0,-0.35799998,-0.71599996,0.63;
322000,-1.0,1.0,1.0,-0.356,-0.712,0.65999997;
323000,-1.0,1.0,1.0,-0.35399997,-0.70799994,0.69000006;
324000,-1.0,1.0,1.0,-0.352,-0.704,0.72;
325000,-1.0,1.0,1.0,-0.35000002,-0.70000005,0.75;
326000,-1.0,1.0,1.0,-0.348,-0.696,0.78;
327000,-1.0,1.0,1.0,-0.34600002,-0.69200003,0.80999994;
328000,-1.0,1.0,1.0,-0.34399998,-0.68799996,0.84000003;
329000,-1.0,1.0,1.0,-0.342,-0.684,0.87;
330000,-1.0,1.0,1.0,-0.33999997,-0.67999995,0.9;
331000,-1.0,1.0,1.0,-0.338,-0.676,0.92999995;
332000,-1.0,1.0,1.0,-0.33600003,-0.67200005,0.96000004;
333000,-1.0,1.0,1.0,-0.334,-0.668,0.99;
334000,-1.0,1.0,1.0,-0.33200002,-0.66400003,-0.98;
335000,-1.0,1.0,1.0,-0.32999998,-0.65999997,-0.95;
336000,-1.0,1.0,1.0,-0.328,-0.656,-0.92;
337000,-1.0,1.0,1.0,-0.32599998,-0.65199995,-0.89;
338000,-1.0,1.0,1.0,-0.324,-0.648,-0.86;
339000,-1.0,1.0,1.0,-0.32200003,-0.64400005,-0.83;
340000,-1.0,1.0,1.0,-0.32,-0.64,-0.8;
341000,-1.0,1.0,1.0,-0.31800002,-0.63600004,-0.77;
342000,-1.0,1.0,1.0,-0.31599998,-0.63199997,-0.74;
343000,-1.0,1.0,1.0,-0.314,-0.628,-0.71000004;
344000,-1.0,1.0,1.0,-0.31199998,-0.62399995,-0.68;
345000,-1.0,1.0,1.0,-0.31,-0.62,-0.65;
346000,-1.0,1.0,1.0,-0.30800003,-0.61600006,-0.62;
347000,-1.0,1.0,1.0,-0.306,-0.612,-0.59000003;
348000,-1.0,1.0,1.0,-0.30400002,-0.60800004,-0.56;
349000,-1.0,1.0,1.0,-0.302,-0.604,-0.53;
350000,-1.0,1.0,1.0,-0.3,-0.6,-0.5;
351000,-1.0,1.0,1.0,-0.29799998,-0.59599996,-0.47000003;
352000,-1.0,1.0,1.0,-0.296,-0.592,-0.44;
353000,-1.0,1.0,1.0,-0.29400003,-0.58800006,-0.41000003;
354000,-1.0,1.0,1.0,-0.292,-0.584,-0.38;
355000,-1.0,1.0,1.0,-0.29000002,-0.58000004,-0.35000002;
356000,-1.0,1.0,1.0,-0.288,-0.576,-0.32;
357000,-1.0,1.0,1.0,-0.286,-0.572,-0.29000002;
358000,-1.0,1.0,1.0,-0.28399998,-0.56799996,-0.26;
359000,-1.0,1.0,1.0,-0.282,-0.564,-0.23000002;
360000,-1.0,1.0,1.0,-0.27999997,-0.55999994,-0.19999999;
361000,-1.0,1.0,1.0,-0.278,-0.556,-0.17000002;
362000,-1.0,1.0,1.0,-0.27600002,-0.55200005,-0.13999999;
363000,-1.0,1.0,1.0,-0.274,-0.548,-0.110000014;
364000,-1.0,1.0,1.0,-0.272,-0.544,-0.07999998;
365000,-1.0,1.0,1.0,-0.26999998,-0.53999996,-0.050000012;
366000,-1.0,1.0,1.0,-0.268,-0.536,-0.01999998;
367000,-1.0,1.0,1.0,-0.26599997,-0.53199995,0.00999999;
368000,-1.0,1.0,1.0,-0.264,-0.528,0.03999996;
369000,-1.0,1.0,1.0,-0.26200002,-0.52400005,0.07000005;
370000,-1.0,1.0,1.0,-0.26,-0.52,0.100000024;
371000,-1.0,1.0,1.0,-0.25800002,-0.51600003,0.13;
372000,-1.0,1.0,1.0,-0.25599998,-0.51199996,0.15999997;
373000,-1.0,1.0,1.0,-0.254,-0.508,0.19000006;
374000,-1.0,1.0,1.0,-0.25199997,-0.50399995,0.22000003;
375000,-1.0,1.0,1.0,-0.25,-0.5,0.25;
376000,-1.0,1.0,1.0,-0.24800003,-0.49600005,0.27999997;
377000,-1.0,1.0,1.0,-0.24599999,-0.49199998,0.30999994;
378000,-1.0,1.0,1.0,-0.24400002,-0.48800004,0.34000003;
379000,-1.0,1.0,1.0,-0.24199998,-0.48399997,0.37;
380000,-1.0,1.0,1.0,-0.24000001,-0.48000002,0.39999998;
381000,-1.0,1.0,1.0,-0.23799998,-0.47599995,0.42999995;
382000,-1.0,1.0,1.0,-0.236,-0.472,0.46000004;
383000,-1.0,1.0,1.0,-0.23400003,-0.46800005,0.49;
384000,-1.0,1.0,1.0,-0.232,-0.464,0.52;
385000,-1.0,1.0,1.0,-0.23000002,-0.46000004,0.54999995;
386000,-1.0,1.0,1.0,-0.22799999,-0.45599997,0.58000004;
387000,-1.0,1.0,1.0,-0.22600001,-0.45200002,0.61;
388000,-1.0,1.0,1.0,-0.22399998,-0.44799995,0.64;
389000,-1.0,1.0,1.0,-0.222,-0.444,0.66999996;
390000,-1.0,1.0,1.0,-0.22000003,-0.44000006,0.70000005;
391000,-1.0,1.0,1.0,-0.218,-0.436,0.73;
392000,-1.0,1.0,1.0,-0.21600002,-0.43200004,0.76;
393000,-1.0,1.0,1.0,-0.21399999,-0.42799997,0.78999996;
394000,-1.0,1.0,1.0,-0.21200001,-0.42400002,0.82000005;
395000,-1.0,1.0,1.0,-0.20999998,-0.41999996,0.85;
396000,-1.0,1.0,1.0,-0.208,-0.416,0.88;
397000,-1.0,1.0,1.0,-0.20599997,-0.41199994,0.90999997;
398000,-1.0,1.0,1.0,-0.204,-0.408,0.94000006;
399000,-1.0,1.0,1.0,-0.20200002,-0.40400004,0.97;
400000,-1.0,1.0,1.0,-0.19999999,-0.39999998,-1.0;
401000,-1.0,1.0,1.0,-0.19800001,-0.39600003,-0.97;
402000,-1.0,1.0,1.0,-0.19599998,-0.39199996,-0.94;
403000,-1.0,1.0,1.0,-0.194,-0.388,-0.90999997;
404000,-1.0,1.0,1.0,-0.19199997,-0.38399994,-0.88;
405000,-1.0,1.0,1.0,-0.19,-0.38,-0.85;
406000,-1.0,1.0,1.0,-0.18800002,-0.37600005,-0.82;
407000,-1.0,1.0,1.0,-0.18599999,-0.37199998,-0.79;
408000,-1.0,1.0,1.0,-0.18400002,-0.36800003,-0.76;
409000,-1.0,1.0,1.0,-0.18199998,-0.36399996,-0.73;
410000,-1.0,1.0,1.0,-0.18,-0.36,-0.7;
411000,-1.0,1.0,1.0,-0.17799997,-0.35599995,-0.66999996;
412000,-1.0,1.0,1.0,-0.176,-0.352,-0.64;
413000,-1.0,1.0,1.0,-0.17400002,-0.34800005,-0.61;
414000,-1.0,1.0,1.0,-0.17199999,-0.34399998,-0.58000004;
415000,-1.0,1.0,1.0,-0.17000002,-0.34000003,-0.55;
416000,-1.0,1.0,1.0,-0.16799998,-0.33599997,-0.52;
417000,-1.0,1.0,1.0,-0.16600001,-0.33200002,-0.49;
418000,-1.0,1.0,1.0,-0.16399997,-0.32799995,-0.45999998;
419000,-1.0,1.0,1.0,-0.162,-0.324,-0.43;
420000,-1.0,1.0,1.0,-0.16000003,-0.32000005,-0.39999998;
421000,-1.0,1.0,1.0,-0.15799999,-0.31599998,-0.37;
422000,-1.0,1.0,1.0,-0.15600002,-0.31200004,-0.33999997;
423000,-1.0,1.0,1.0,-0.15399998,-0.30799997,-0.31;
424000,-1.0,1.0,1.0,-0.15200001,-0.30400002,-0.27999997;
425000,-1.0,1.0,1.0,-0.14999998,-0.29999995,-0.25;
426000,-1.0,1.0,1.0,-0.148,-0.296,-0.22000003;
427000,-1.0,1.0,1.0,-0.14600003,-0.29200006,-0.19;
428000,-1.0,1.0,1.0,-0.144,-0.288,-0.16000003;
429000,-1.0,1.0,1.0,-0.14200002,-0.28400004,-0.13;
430000,-1.0,1.0,1.0,-0.13999999,-0.27999997,-0.100000024;
431000,-1.0,1.0,1.0,-0.13800001,-0.27600002,-0.06999999;
432000,-1.0,1.0,1.0,-0.13599998,-0.27199996,-0.04000002;
433000,-1.0,1.0,1.0,-0.134,-0.268,-0.00999999;
434000,-1.0,1.0,1.0,-0.13200003,-0.26400006,0.01999998;
435000,-1.0,1.0,1.0,-0.13,-0.26,0.049999952;
436000,-1.0,1.0,1.0,-0.12800002,-0.25600004,0.08000004;
437000,-1.0,1.0,1.0,-0.12599999,-0.25199997,0.110000014;
438000,-1.0,1.0,1.0,-0.12400001,-0.24800003,0.13999999;
439000,-1.0,1.0,1.0,-0.12199998,-0.24399996,0.16999996;
440000,-1.0,1.0,1.0,-0.120000005,-0.24000001,0.20000005;
441000,-1.0,1.0,1.0,-0.11799997,-0.23599994,0.23000002;
442000,-1.0,1.0,1.0,-0.116,-0.232,0.26;
443000,-1.0,1.0,1.0,-0.11400002,-0.22800004,0.28999996;
444000,-1.0,1.0,1.0,-0.11199999,-0.22399998,0.32000005;
445000,-1.0,1.0,1.0,-0.110000014,-0.22000003,0.35000002;
446000,-1.0,1.0,1.0,-0.10799998,-0.21599996,0.38;
447000,-1.0,1.0,1.0,-0.106000006,-0.21200001,0.40999997;
448000,-1.0,1.0,1.0,-0.10399997,-0.20799994,0.44000006;
449000,-1.0,1.0,1.0,-0.102,-0.204,0.47000003;
450000,-1.0,1.0,1.0,-0.100000024,-0.20000005,0.5;
451000,-1.0,1.0,1.0,-0.09799999,-0.19599998,0.53;
452000,-1.0,1.0,1.0,-0.096000016,-0.19200003,0.55999994;
453000,-1.0,1.0,1.0,-0.09399998,-0.18799996,0.59000003;
454000,-1.0,1.0,1.0,-0.09200001,-0.18400002,0.62;
455000,-1.0,1.0,1.0,-0.089999974,-0.17999995,0.65;
456000,-1.0,1.0,1.0,-0.088,-0.176,0.67999995;
457000,-1.0,1.0,1.0,-0.086000025,-0.17200005,0.71000004;
458000,-1.0,1.0,1.0,-0.08399999,-0.16799998,0.74;
459000,-1.0,1.0,1.0,-0.08200002,-0.16400003,0.77;
460000,-1.0,1.0,1.0,-0.07999998,-0.15999997,0.79999995;
461000,-1.0,1.0,1.0,-0.07800001,-0.15600002,0.83000004;
462000,-1.0,1.0,1.0,-0.075999975,-0.15199995,0.86;
463000,-1.0,1.0,1.0,-0.074,-0.148,0.89;
464000,-1.0,1.0,1.0,-0.07200003,-0.14400005,0.91999996;
465000,-1.0,1.0,1.0,-0.06999999,-0.13999999,0.95000005;
466000,-1.0,1.0,1.0,-0.06800002,-0.13600004,0.98;
467000,-1.0,1.0,1.0,-0.065999985,-0.13199997,-0.99;
468000,-1.0,1.0,1.0,-0.06400001,-0.12800002,-0.96;
469000,-1.0,1.0,1.0,-0.061999977,-0.12399995,-0.93;
470000,-1.0,1.0,1.0,-0.060000002,-0.120000005,-0.9;
471000,-1.0,1.0,1.0,-0.058000028,-0.116000056,-0.87;
472000,-1.0,1.0,1.0,-0.055999994,-0.11199999,-0.84000003;
473000,-1.0,1.0,1.0,-0.05400002,-0.10800004,-0.81;
474000,-1.0,1.0,1.0,-0.051999986,-0.10399997,-0.78;
475000,-1.0,1.0,1.0,-0.050000012,-0.100000024,-0.75;
476000,-1.0,1.0,1.0,-0.047999978,-0.095999956,-0.72;
477000,-1.0,1.0,1.0,-0.046000004,-0.09200001,-0.69;
478000,-1.0,1.0,1.0,-0.04400003,-0.08800006,-0.65999997;
479000,-1.0,1.0,1.0,-0.041999996,-0.08399999,-0.63;
480000,-1.0,1.0,1.0,-0.04000002,-0.08000004,-0.6;
481000,-1.0,1.0,1.0,-0.037999988,-0.075999975,-0.57;
482000,-1.0,1.0,1.0,-0.036000013,-0.07200003,-0.53999996;
483000,-1.0,1.0,1.0,-0.03399998,-0.06799996,-0.51;
484000,-1.0,1.0,1.0,-0.032000005,-0.06400001,-0.48000002;
485000,-1.0,1.0,1.0,-0.029999971,-0.059999943,-0.45;
486000,-1.0,1.0,1.0,-0.027999997,-0.055999994,-0.42000002;
487000,-1.0,1.0,1.0,-0.026000023,-0.052000046,-0.39;
488000,-1.0,1.0,1.0,-0.023999989,-0.047999978,-0.36;
489000,-1.0,1.0,1.0,-0.022000015,-0.04400003,-0.32999998;
490000,-1.0,1.0,1.0,-0.01999998,-0.03999996,-0.3;
491000,-1.0,1.0,1.0,-0.018000007,-0.036000013,-0.26999998;
492000,-1.0,1.0,1.0,-0.015999973,-0.031999946,-0.24000001;
493000,-1.0,1.0,1.0,-0.013999999,-0.027999997,-0.20999998;
494000,-1.0,1.0,1.0,-0.012000024,-0.024000049,-0.18;
495000,-1.0,1.0,1.0,-0.00999999,-0.01999998,-0.14999998;
496000,-1.0,1.0,1.0,-0.008000016,-0.016000032,-0.120000005;
497000,-1.0,1.0,1.0,-0.0059999824,-0.011999965,-0.089999974;
498000,-1.0,1.0,1.0,-0.004000008,-0.008000016,-0.060000002;
499000,-1.0,1.0,1.0,-0.0019999743,-0.0039999485,-0.029999971;
500000,0.0,1.0,1.0,0.0,0.0,0.0;
501000,1.0,1.0,1.0,0.0019999743,0.0039999485,0.029999971;
502000,1.0,1.0,1.0,0.0039999485,0.007999897,0.059999943;
503000,1.0,1.0,1.0,0.006000042,0.012000084,0.09000003;
504000,1.0,1.0,1.0,0.008000016,0.016000032,0.120000005;
505000,1.0,1.0,1.0,0.00999999,0.01999998,0.14999998;
506000,1.0,1.0,1.0,0.011999965,0.02399993,0.17999995;
507000,1.0,1.0,1.0,0.014000058,0.028000116,0.21000004;
508000,1.0,1.0,1.0,0.016000032,0.032000065,0.24000001;
509000,1.0,1.0,1.0,0.018000007,0.036000013,0.26999998;
510000,1.0,1.0,1.0,0.01999998,0.03999996,0.29999995;
511000,1.0,1.0,1.0,0.021999955,0.04399991,0.33000004;
512000,1.0,1.0,1.0,0.024000049,0.048000097,0.36;
513000,1.0,1.0,1.0,0.026000023,0.052000046,0.39;
514000,1.0,1.0,1.0,0.027999997,0.055999994,0.41999996;
515000,1.0,1.0,1.0,0.029999971,0.059999943,0.45000005;
516000,1.0,1.0,1.0,0.031999946,0.06399989,0.48000002;
517000,1.0,1.0,1.0,0.03400004,0.06800008,0.51;
518000,1.0,1.0,1.0,0.036000013,0.07200003,0.53999996;
519000,1.0,1.0,1.0,0.037999988,0.075999975,0.57000005;
520000,1.0,1.0,1.0,0.03999996,0.07999992,0.6;
521000,1.0,1.0,1.0,0.042000055,0.08400011,0.63;
522000,1.0,1.0,1.0,0.04400003,0.08800006,0.65999997;
523000,1.0,1.0,1.0,0.046000004,0.09200001,0.69000006;
524000,1.0,1.0,1.0,0.047999978,0.095999956,0.72;
525000,1.0,1.0,1.0,0.049999952,0.099999905,0.75;
526000,1.0,1.0,1.0,0.052000046,0.10400009,0.78;
527000,1.0,1.0,1.0,0.05400002,0.10800004,0.80999994;
528000,1.0,1.0,1.0,0.055999994,0.11199999,0.84000003;
529000,1.0,1.0,1.0,0.05799997,0.11599994,0.87;
530000,1.0,1.0,1.0,0.059999943,0.119999886,0.9;
531000,1.0,1.0,1.0,0.062000036,0.12400007,0.92999995;
532000,1.0,1.0,1.0,0.06400001,0.12800002,0.96000004;
533000,1.0,1.0,1.0,0.065999985,0.13199997,0.99;
534000,1.0,1.0,1.0,0.06799996,0.13599992,-0.98;
535000,1.0,1.0,1.0,0.07000005,0.1400001,-0.95;
536000,1.0,1.0,1.0,0.07200003,0.14400005,-0.92;
537000,1.0,1.0,1.0,0.074,0.148,-0.89;
538000,1.0,1.0,1.0,0.075999975,0.15199995,-0.86;
539000,1.0,1.0,1.0,0.07799995,0.1559999,-0.83;
540000,1.0,1.0,1.0,0.08000004,0.16000009,-0.8;
541000,1.0,1.0,1.0,0.08200002,0.16400003,-0.77;
542000,1.0,1.0,1.0,0.08399999,0.16799998,-0.74;
543000,1.0,1.0,1.0,0.085999966,0.17199993,-0.71000004;
544000,1.0,1.0,1.0,0.08800006,0.17600012,-0.68;
545000,1.0,1.0,1.0,0.09000003,0.18000007,-0.65;
546000,1.0,1.0,1.0,0.09200001,0.18400002,-0.62;
547000,1.0,1.0,1.0,0.09399998,0.18799996,-0.59000003;
548000,1.0,1.0,1.0,0.095999956,0.19199991,-0.56;
549000,1.0,1.0,1.0,0.09800005,0.1960001,-0.53;
550000,1.0,1.0,1.0,0.100000024,0.20000005,-0.5;
551000,1.0,1.0,1.0,0.102,0.204,-0.47000003;
552000,1.0,1.0,1.0,0.10399997,0.20799994,-0.44;
553000,1.0,1.0,1.0,0.10599995,0.2119999,-0.41000003;
554000,1.0,1.0,1.0,0.10800004,0.21600008,-0.38;
555000,1.0,1.0,1.0,0.110000014,0.22000003,-0.35000002;
556000,1.0,1.0,1.0,0.11199999,0.22399998,-0.32;
557000,1.0,1.0,1.0,0.11399996,0.22799993,-0.29000002;
558000,1.0,1.0,1.0,0.116000056,0.23200011,-0.26;
559000,1.0,1.0,1.0,0.11800003,0.23600006,-0.23000002;
560000,1.0,1.0,1.0,0.120000005,0.24000001,-0.19999999;
561000,1.0,1.0,1.0,0.12199998,0.24399996,-0.17000002;
562000,1.0,1.0,1.0,0.12399995,0.2479999,-0.13999999;
563000,1.0,1.0,1.0,0.12600005,0.2520001,-0.110000014;
564000,1.0,1.0,1.0,0.12800002,0.25600004,-0.07999998;
565000,1.0,1.0,1.0,0.13,0.26,-0.050000012;
566000,1.0,1.0,1.0,0.13199997,0.26399994,-0.01999998;
567000,1.0,1.0,1.0,0.13399994,0.2679999,0.00999999;
568000,1.0,1.0,1.0,0.13600004,0.27200007,0.03999996;
569000,1.0,1.0,1.0,0.13800001,0.27600002,0.07000005;
570000,1.0,1.0,1.0,0.13999999,0.27999997,0.100000024;
571000,1.0,1.0,1.0,0.14199996,0.28399992,0.13;
572000,1.0,1.0,1.0,0.14400005,0.2880001,0.15999997;
573000,1.0,1.0,1.0,0.14600003,0.29200006,0.19000006;
574000,1.0,1.0,1.0,0.148,0.296,0.22000003;
575000,1.0,1.0,1.0,0.14999998,0.29999995,0.25;
576000,1.0,1.0,1.0,0.15199995,0.3039999,0.27999997;
577000,1.0,1.0,1.0,0.15400004,0.3080001,0.30999994;
578000,1.0,1.0,1.0,0.15600002,0.31200004,0.34000003;
579000,1.0,1.0,1.0,0.15799999,0.31599998,0.37;
580000,1.0,1.0,1.0,0.15999997,0.31999993,0.39999998;
581000,1.0,1.0,1.0,0.16199994,0.32399988,0.42999995;
582000,1.0,1.0,1.0,0.16400003,0.32800007,0.46000004;
583000,1.0,1.0,1.0,0.16600001,0.33200002,0.49;
584000,1.0,1.0,1.0,0.16799998,0.33599997,0.52;
585000,1.0,1.0,1.0,0.16999996,0.3399999,0.54999995;
586000,1.0,1.0,1.0,0.17200005,0.3440001,0.58000004;
587000,1.0,1.0,1.0,0.17400002,0.34800005,0.61;
588000,1.0,1.0,1.0,0.176,0.352,0.64;
589000,1.0,1.0,1.0,0.17799997,0.35599995,0.66999996;
590000,1.0,1.0,1.0,0.17999995,0.3599999,0.70000005;
591000,1.0,1.0,1.0,0.18200004,0.36400008,0.73;
592000,1.0,1.0,1.0,0.18400002,0.36800003,0.76;
593000,1.0,1.0,1.0,0.18599999,0.37199998,0.78999996;
594000,1.0,1.0,1.0,0.18799996,0.37599993,0.82000005;
595000,1.0,1.0,1.0,0.19000006,0.3800001,0.85;
596000,1.0,1.0,1.0,0.19200003,0.38400006,0.88;
597000,1.0,1.0,1.0,0.194,0.388,0.90999997;
598000,1.0,1.0,1.0,0.19599998,0.39199996,0.94000006;
599000,1.0,1.0,1.0,0.19799995,0.3959999,0.97;
600000,1.0,1.0,1.0,0.20000005,0.4000001,-1.0;
601000,1.0,1.0,1.0,0.20200002,0.40400004,-0.97;
602000,1.0,1.0,1.0,0.204,0.408,-0.94;
603000,1.0,1.0,1.0,0.20599997,0.41199994,-0.90999997;
604000,1.0,1.0,1.0,0.20799994,0.4159999,-0.88;
605000,1.0,1.0,1.0,0.21000004,0.42000008,-0.85;
606000,1.0,1.0,1.0,0.21200001,0.42400002,-0.82;
607000,1.0,1.0,1.0,0.21399999,0.42799997,-0.79;
608000,1.0,1.0,1.0,0.21599996,0.43199992,-0.76;
609000,1.0,1.0,1.0,0.21800005,0.4360001,-0.73;
610000,1.0,1.0,1.0,0.22000003,0.44000006,-0.7;
611000,1.0,1.0,1.0,0.222,0.444,-0.66999996;
612000,1.0,1.0,1.0,0.22399998,0.44799995,-0.64;
613000,1.0,1.0,1.0,0.22599995,0.4519999,-0.61;
614000,1.0,1.0,1.0,0.22800004,0.4560001,-0.58000004;
615000,1.0,1.0,1.0,0.23000002,0.46000004,-0.55;
616000,1.0,1.0,1.0,0.232,0.464,-0.52;
617000,1.0,1.0,1.0,0.23399997,0.46799994,-0.49;
618000,1.0,1.0,1.0,0.23599994,0.47199988,-0.45999998;
619000,1.0,1.0,1.0,0.23800004,0.47600007,-0.43;
620000,1.0,1.0,1.0,0.24000001,0.48000002,-0.39999998;
621000,1.0,1.0,1.0,0.24199998,0.48399997,-0.37;
622000,1.0,1.0,1.0,0.24399996,0.48799992,-0.33999997;
623000,1.0,1.0,1.0,0.24600005,0.4920001,-0.31;
624000,1.0,1.0,1.0,0.24800003,0.49600005,-0.27999997;
625000,1.0,1.0,1.0,0.25,0.5,-0.25;
626000,1.0,1.0,1.0,0.25199997,0.50399995,-0.22000003;
627000,1.0,1.0,1.0,0.25399995,0.5079999,-0.19;
628000,1.0,1.0,1.0,0.25600004,0.5120001,-0.16000003;
629000,1.0,1.0,1.0,0.25800002,0.51600003,-0.13;
630000,1.0,1.0,1.0,0.26,0.52,-0.100000024;
631000,1.0,1.0,1.0,0.26199996,0.5239999,-0.06999999;
632000,1.0,1.0,1.0,0.26400006,0.5280001,-0.04000002;
633000,1.0,1.0,1.0,0.26600003,0.53200006,-0.00999999;
634000,1.0,1.0,1.0,0.268,0.536,0.01999998;
635000,1.0,1.0,1.0,0.26999998,0.53999996,0.049999952;
636000,1.0,1.0,1.0,0.27199996,0.5439999,0.08000004;
637000,1.0,1.0,1.0,0.27400005,0.5480001,0.110000014;
638000,1.0,1.0,1.0,0.27600002,0.55200005,0.13999999;
639000,1.0,1.0,1.0,0.278,0.556,0.16999996;
640000,1.0,1.0,1.0,0.27999997,0.55999994,0.20000005;
641000,1.0,1.0,1.0,0.28199995,0.5639999,0.23000002;
642000,1.0,1.0,1.0,0.28400004,0.5680001,0.26;
643000,1.0,1.0,1.0,0.286,0.572,0.28999996;
644000,1.0,1.0,1.0,0.288,0.576,0.32000005;
645000,1.0,1.0,1.0,0.28999996,0.5799999,0.35000002;
646000,1.0,1.0,1.0,0.29200006,0.5840001,0.38;
647000,1.0,1.0,1.0,0.29400003,0.58800006,0.40999997;
648000,1.0,1.0,1.0,0.296,0.592,0.44000006;
649000,1.0,1.0,1.0,0.29799998,0.59599996,0.47000003;
650000,1.0,1.0,1.0,0.29999995,0.5999999,0.5;
651000,1.0,1.0,1.0,0.30200005,0.6040001,0.53;
652000,1.0,1.0,1.0,0.30400002,0.60800004,0.55999994;
653000,1.0,1.0,1.0,0.306,0.612,0.59000003;
654000,1.0,1.0,1.0,0.30799997,0.61599994,0.62;
655000,1.0,1.0,1.0,0.30999994,0.6199999,0.65;
656000,1.0,1.0,1.0,0.31200004,0.6240001,0.67999995;
657000,1.0,1.0,1.0,0.314,0.628,0.71000004;
658000,1.0,1.0,1.0,0.31599998,0.63199997,0.74;
659000,1.0,1.0,1.0,0.31799996,0.6359999,0.77;
660000,1.0,1.0,1.0,0.32000005,0.6400001,0.79999995;
661000,1.0,1.0,1.0,0.32200003,0.64400005,0.83000004;
662000,1.0,1.0,1.0,0.324,0.648,0.86;
663000,1.0,1.0,1.0,0.32599998,0.65199995,0.89;
664000,1.0,1.0,1.0,0.32799995,0.6559999,0.91999996;
665000,1.0,1.0,1.0,0.33000004,0.6600001,0.95000005;
666000,1.0,1.0,1.0,0.33200002,0.66400003,0.98;
667000,1.0,1.0,1.0,0.334,0.668,-0.99;
668000,1.0,1.0,1.0,0.33599997,0.67199993,-0.96;
669000,1.0,1.0,1.0,0.33800006,0.6760001,-0.93;
670000,1.0,1.0,1.0,0.34000003,0.68000007,-0.9;
671000,1.0,1.0,1.0,0.342,0.684,-0.87;
672000,1.0,1.0,1.0,0.34399998,0.68799996,-0.84000003;
673000,1.0,1.0,1.0,0.34599996,0.6919999,-0.81;
674000,1.0,1.0,1.0,0.34800005,0.6960001,-0.78;
675000,1.0,1.0,1.0,0.35000002,0.70000005,-0.75;
676000,1.0,1.0,1.0,0.352,0.704,-0.72;
677000,1.0,1.0,1.0,0.35399997,0.70799994,-0.69;
678000,1.0,1.0,1.0,0.35599995,0.7119999,-0.65999997;
679000,1.0,1.0,1.0,0.35800004,0.7160001,-0.63;
680000,1.0,1.0,1.0,0.36,0.72,-0.6;
681000,1.0,1.0,1.0,0.362,0.724,-0.57;
682000,1.0,1.0,1.0,0.36399996,0.7279999,-0.53999996;
683000,1.0,1.0,1.0,0.36600006,0.7320001,-0.51;
684000,1.0,1.0,1.0,0.36800003,0.73600006,-0.48000002;
685000,1.0,1.0,1.0,0.37,0.74,-0.45;
686000,1.0,1.0,1.0,0.37199998,0.74399996,-0.42000002;
687000,1.0,1.0,1.0,0.37399995,0.7479999,-0.39;
688000,1.0,1.0,1.0,0.37600005,0.7520001,-0.36;
689000,1.0,1.0,1.0,0.37800002,0.75600004,-0.32999998;
690000,1.0,1.0,1.0,0.38,0.76,-0.3;
691000,1.0,1.0,1.0,0.38199997,0.76399994,-0.26999998;
692000,1.0,1.0,1.0,0.38399994,0.7679999,-0.24000001;
693000,1.0,1.0,1.0,0.38600004,0.7720001,-0.20999998;
694000,1.0,1.0,1.0,0.388,0.776,-0.18;
695000,1.0,1.0,1.0,0.39,0.78,-0.14999998;
696000,1.0,1.0,1.0,0.39199996,0.7839999,-0.120000005;
697000,1.0,1.0,1.0,0.39400005,0.7880001,-0.089999974;
698000,1.0,1.0,1.0,0.39600003,0.79200006,-0.060000002;
699000,1.0,1.0,1.0,0.398,0.796,-0.029999971;
700000,1.0,1.0,1.0,0.39999998,0.79999995,0.0;
701000,1.0,1.0,1.0,0.40199995,0.8039999,0.029999971;
702000,1.0,1.0,1.0,0.40400004,0.8080001,0.059999943;
703000,1.0,1.0,1.0,0.40600002,0.81200004,0.09000003;
704000,1.0,1.0,1.0,0.408,0.816,0.120000005;
705000,1.0,1.0,1.0,0.40999997,0.81999993,0.14999998;
706000,1.0,1.0,1.0,0.41199994,0.8239999,0.17999995;
707000,1.0,1.0,1.0,0.41400003,0.82800007,0.21000004;
708000,1.0,1.0,1.0,0.416,0.832,0.24000001;
709000,1.0,1.0,1.0,0.41799998,0.83599997,0.26999998;
710000,1.0,1.0,1.0,0.41999996,0.8399999,0.29999995;
711000,1.0,1.0,1.0,0.42200005,0.8440001,0.33000004;
712000,1.0,1.0,1.0,0.42400002,0.84800005,0.36;
713000,1.0,1.0,1.0,0.426,0.852,0.39;
714000,1.0,1.0,1.0,0.42799997,0.85599995,0.41999996;
715000,1.0,1.0,1.0,0.42999995,0.8599999,0.45000005;
716000,1.0,1.0,1.0,0.43200004,0.8640001,0.48000002;
717000,1.0,1.0,1.0,0.43400002,0.86800003,0.51;
718000,1.0,1.0,1.0,0.436,0.872,0.53999996;
719000,1.0,1.0,1.0,0.43799996,0.8759999,0.57000005;
720000,1.0,1.0,1.0,0.44000006,0.8800001,0.6;
721000,1.0,1.0,1.0,0.44200003,0.88400006,0.63;
722000,1.0,1.0,1.0,0.444,0.888,0.65999997;
723000,1.0,1.0,1.0,0.44599998,0.89199996,0.69000006;
724000,1.0,1.0,1.0,0.44799995,0.8959999,0.72;
725000,1.0,1.0,1.0,0.45000005,0.9000001,0.75;
726000,1.0,1.0,1.0,0.45200002,0.90400004,0.78;
727000,1.0,1.0,1.0,0.454,0.908,0.80999994;
728000,1.0,1.0,1.0,0.45599997,0.91199994,0.84000003;
729000,1.0,1.0,1.0,0.45799994,0.9159999,0.87;
730000,1.0,1.0,1.0,0.46000004,0.9200001,0.9;
731000,1.0,1.0,1.0,0.462,0.924,0.92999995;
732000,1.0,1.0,1.0,0.464,0.928,0.96000004;
733000,1.0,1.0,1.0,0.46599996,0.9319999,0.99;
734000,1.0,1.0,1.0,0.46800005,0.9360001,-0.98;
735000,1.0,1.0,1.0,0.47000003,0.94000006,-0.95;
736000,1.0,1.0,1.0,0.472,0.944,-0.92;
737000,1.0,1.0,1.0,0.47399998,0.94799995,-0.89;
738000,1.0,1.0,1.0,0.47599995,0.9519999,-0.86;
739000,1.0,1.0,1.0,0.47800004,0.9560001,-0.83;
740000,1.0,1.0,1.0,0.48000002,0.96000004,-0.8;
741000,1.0,1.0,1.0,0.482,0.964,-0.77;
742000,1.0,1.0,1.0,0.48399997,0.96799994,-0.74;
743000,1.0,1.0,1.0,0.48599994,0.9719999,-0.71000004;
744000,1.0,1.0,1.0,0.48800004,0.9760001,-0.68;
745000,1.0,1.0,1.0,0.49,0.98,-0.65;
746000,1.0,1.0,1.0,0.49199998,0.98399997,-0.62;
747000,1.0,1.0,1.0,0.49399996,0.9879999,-0.59000003;
748000,1.0,1.0,1.0,0.49600005,0.9920001,-0.56;
749000,1.0,1.0,1.0,0.49800003,0.99600005,-0.53;
750000,1.0,1.0,1.0,0.5,1.0,-0.5;
751000,1.0,1.0,1.0,0.502,0.996,-0.47000003;
752000,1.0,1.0,1.0,0.50399995,0.992,-0.44;
753000,1.0,1.0,1.0,0.50600004,0.988,-0.41000003;
754000,1.0,1.0,1.0,0.508,0.984,-0.38;
755000,1.0,1.0,1.0,0.51,0.98,-0.35000002;
756000,1.0,1.0,1.0,0.51199996,0.976,-0.32;
757000,1.0,1.0,1.0,0.51400006,0.972,-0.29000002;
758000,1.0,1.0,1.0,0.51600003,0.968,-0.26;
759000,1.0,1.0,1.0,0.518,0.964,-0.23000002;
760000,1.0,1.0,1.0,0.52,0.96,-0.19999999;
761000,1.0,1.0,1.0,0.52199996,0.956,-0.17000002;
762000,1.0,1.0,1.0,0.52400005,0.952,-0.13999999;
763000,1.0,1.0,1.0,0.526,0.948,-0.110000014;
764000,1.0,1.0,1.0,0.528,0.944,-0.07999998;
765000,1.0,1.0,1.0,0.53,0.94,-0.050000012;
766000,1.0,1.0,1.0,0.53199995,0.936,-0.01999998;
767000,1.0,1.0,1.0,0.53400004,0.932,0.00999999;
768000,1.0,1.0,1.0,0.536,0.928,0.03999996;
769000,1.0,1.0,1.0,0.538,0.924,0.07000005;
770000,1.0,1.0,1.0,0.53999996,0.92,0.100000024;
771000,1.0,1.0,1.0,0.54200006,0.916,0.13;
772000,1.0,1.0,1.0,0.544,0.912,0.15999997;
773000,1.0,1.0,1.0,0.546,0.908,0.19000006;
774000,1.0,1.0,1.0,0.548,0.904,0.22000003;
775000,1.0,1.0,1.0,0.54999995,0.9,0.25;
776000,1.0,1.0,1.0,0.55200005,0.896,0.27999997;
777000,1.0,1.0,1.0,0.554,0.892,0.30999994;
778000,1.0,1.0,1.0,0.556,0.888,0.34000003;
779000,1.0,1.0,1.0,0.55799997,0.884,0.37;
780000,1.0,1.0,1.0,0.55999994,0.88,0.39999998;
781000,1.0,1.0,1.0,0.56200004,0.876,0.42999995;
782000,1.0,1.0,1.0,0.564,0.872,0.46000004;
783000,1.0,1.0,1.0,0.566,0.86800003,0.49;
784000,1.0,1.0,1.0,0.56799996,0.86399996,0.52;
785000,1.0,1.0,1.0,0.57000005,0.86,0.54999995;
786000,1.0,1.0,1.0,0.572,0.856,0.58000004;
787000,1.0,1.0,1.0,0.574,0.852,0.61;
788000,1.0,1.0,1.0,0.576,0.848,0.64;
789000,1.0,1.0,1.0,0.57799995,0.844,0.66999996;
790000,1.0,1.0,1.0,0.58000004,0.84000003,0.70000005;
791000,1.0,1.0,1.0,0.582,0.83599997,0.73;
792000,1.0,1.0,1.0,0.584,0.832,0.76;
793000,1.0,1.0,1.0,0.58599997,0.828,0.78999996;
794000,1.0,1.0,1.0,0.58800006,0.824,0.82000005;
795000,1.0,1.0,1.0,0.59000003,0.82,0.85;
796000,1.0,1.0,1.0,0.592,0.816,0.88;
797000,1.0,1.0,1.0,0.594,0.81200004,0.90999997;
798000,1.0,1.0,1.0,0.59599996,0.80799997,0.94000006;
799000,1.0,1.0,1.0,0.59800005,0.804,0.97;
800000,1.0,1.0,1.0,0.6,0.8,-1.0;
801000,1.0,1.0,1.0,0.602,0.796,-0.97;
802000,1.0,1.0,1.0,0.604,0.792,-0.94;
803000,1.0,1.0,1.0,0.60599995,0.788,-0.90999997;
804000,1.0,1.0,1.0,0.60800004,0.784,-0.88;
805000,1.0,1.0,1.0,0.61,0.78,-0.85;
806000,1.0,1.0,1.0,0.612,0.776,-0.82;
807000,1.0,1.0,1.0,0.61399996,0.772,-0.79;
808000,1.0,1.0,1.0,0.61600006,0.768,-0.76;
809000,1.0,1.0,1.0,0.61800003,0.764,-0.73;
810000,1.0,1.0,1.0,0.62,0.76,-0.7;
811000,1.0,1.0,1.0,0.622,0.756,-0.66999996;
812000,1.0,1.0,1.0,0.62399995,0.752,-0.64;
813000,1.0,1.0,1.0,0.62600005,0.748,-0.61;
814000,1.0,1.0,1.0,0.628,0.74399996,-0.58000004;
815000,1.0,1.0,1.0,0.63,0.74,-0.55;
816000,1.0,1.0,1.0,0.63199997,0.736,-0.52;
817000,1.0,1.0,1.0,0.63399994,0.732,-0.49;
818000,1.0,1.0,1.0,0.63600004,0.728,-0.45999998;
819000,1.0,1.0,1.0,0.638,0.724,-0.43;
820000,1.0,1.0,1.0,0.64,0.72,-0.39999998;
821000,1.0,1.0,1.0,0.64199996,0.71599996,-0.37;
822000,1.0,1.0,1.0,0.64400005,0.712,-0.33999997;
823000,1.0,1.0,1.0,0.646,0.708,-0.31;
824000,1.0,1.0,1.0,0.648,0.704,-0.27999997;
825000,1.0,1.0,1.0,0.65,0.7,-0.25;
826000,1.0,1.0,1.0,0.65199995,0.696,-0.22000003;
827000,1.0,1.0,1.0,0.65400004,0.69200003,-0.19;
828000,1.0,1.0,1.0,0.656,0.68799996,-0.16000003;
829000,1.0,1.0,1.0,0.658,0.684,-0.13;
830000,1.0,1.0,1.0,0.65999997,0.68,-0.100000024;
831000,1.0,1.0,1.0,0.66199994,0.676,-0.06999999;
832000,1.0,1.0,1.0,0.66400003,0.672,-0.04000002;
833000,1.0,1.0,1.0,0.666,0.668,-0.00999999;
834000,1.0,1.0,1.0,0.668,0.66400003,0.01999998;
835000,1.0,1.0,1.0,0.66999996,0.65999997,0.049999952;
836000,1.0,1.0,1.0,0.67200005,0.656,0.08000004;
837000,1.0,1.0,1.0,0.674,0.652,0.110000014;
838000,1.0,1.0,1.0,0.676,0.648,0.13999999;
839000,1.0,1.0,1.0,0.678,0.644,0.16999996;
840000,1.0,1.0,1.0,0.67999995,0.64,0.20000005;
841000,1.0,1.0,1.0,0.68200004,0.63600004,0.23000002;
842000,1.0,1.0,1.0,0.684,0.63199997,0.26;
843000,1.0,1.0,1.0,0.686,0.628,0.28999996;
844000,1.0,1.0,1.0,0.68799996,0.624,0.32000005;
845000,1.0,1.0,1.0,0.69000006,0.62,0.35000002;
846000,1.0,1.0,1.0,0.69200003,0.616,0.38;
847000,1.0,1.0,1.0,0.694,0.612,0.40999997;
848000,1.0,1.0,1.0,0.696,0.60800004,0.44000006;
849000,1.0,1.0,1.0,0.69799995,0.604,0.47000003;
850000,1.0,1.0,1.0,0.70000005,0.6,0.5;
851000,1.0,1.0,1.0,0.702,0.59599996,0.53;
852000,1.0,1.0,1.0,0.704,0.592,0.55999994;
853000,1.0,1.0,1.0,0.706,0.588,0.59000003;
854000,1.0,1.0,1.0,0.70799994,0.584,0.62;
855000,1.0,1.0,1.0,0.71000004,0.58000004,0.65;
856000,1.0,1.0,1.0,0.712,0.576,0.67999995;
857000,1.0,1.0,1.0,0.714,0.572,0.71000004;
858000,1.0,1.0,1.0,0.71599996,0.56799996,0.74;
859000,1.0,1.0,1.0,0.71800005,0.564,0.77;
860000,1.0,1.0,1.0,0.72,0.56,0.79999995;
861000,1.0,1.0,1.0,0.722,0.556,0.83000004;
862000,1.0,1.0,1.0,0.724,0.552,0.86;
863000,1.0,1.0,1.0,0.72599995,0.548,0.89;
864000,1.0,1.0,1.0,0.72800004,0.544,0.91999996;
865000,1.0,1.0,1.0,0.73,0.53999996,0.95000005;
866000,1.0,1.0,1.0,0.732,0.536,0.98;
867000,1.0,1.0,1.0,0.73399997,0.532,-0.99;
868000,1.0,1.0,1.0,0.73599994,0.528,-0.96;
869000,1.0,1.0,1.0,0.73800004,0.524,-0.93;
870000,1.0,1.0,1.0,0.74,0.52,-0.9;
871000,1.0,1.0,1.0,0.742,0.51600003,-0.87;
872000,1.0,1.0,1.0,0.74399996,0.51199996,-0.84000003;
873000,1.0,1.0,1.0,0.74600005,0.508,-0.81;
874000,1.0,1.0,1.0,0.748,0.504,-0.78;
875000,1.0,1.0,1.0,0.75,0.5,-0.75;
876000,1.0,1.0,1.0,0.752,0.496,-0.72;
877000,1.0,1.0,1.0,0.75399995,0.49199998,-0.69;
878000,1.0,1.0,1.0,0.75600004,0.48799998,-0.65999997;
879000,1.0,1.0,1.0,0.758,0.48400003,-0.63;
880000,1.0,1.0,1.0,0.76,0.48000002,-0.6;
881000,1.0,1.0,1.0,0.76199996,0.476,-0.57;
882000,1.0,1.0,1.0,0.76400006,0.472,-0.53999996;
883000,1.0,1.0,1.0,0.76600003,0.468,-0.51;
884000,1.0,1.0,1.0,0.768,0.464,-0.48000002;
885000,1.0,1.0,1.0,0.77,0.45999998,-0.45;
886000,1.0,1.0,1.0,0.77199996,0.45599997,-0.42000002;
887000,1.0,1.0,1.0,0.77400005,0.45200002,-0.39;
888000,1.0,1.0,1.0,0.776,0.448,-0.36;
889000,1.0,1.0,1.0,0.778,0.444,-0.32999998;
890000,1.0,1.0,1.0,0.78,0.44,-0.3;
891000,1.0,1.0,1.0,0.78199995,0.436,-0.26999998;
892000,1.0,1.0,1.0,0.78400004,0.43199998,-0.24000001;
893000,1.0,1.0,1.0,0.786,0.42799997,-0.20999998;
894000,1.0,1.0,1.0,0.788,0.42400002,-0.18;
895000,1.0,1.0,1.0,0.78999996,0.42000002,-0.14999998;
896000,1.0,1.0,1.0,0.79200006,0.416,-0.120000005;
897000,1.0,1.0,1.0,0.794,0.412,-0.089999974;
898000,1.0,1.0,1.0,0.796,0.408,-0.060000002;
899000,1.0,1.0,1.0,0.798,0.40399998,-0.029999971;
900000,1.0,1.0,1.0,0.79999995,0.39999998,0.0;
901000,1.0,1.0,1.0,0.80200005,0.39600003,0.029999971;
902000,1.0,1.0,1.0,0.804,0.39200002,0.059999943;
903000,1.0,1.0,1.0,0.806,0.388,0.09000003;
904000,1.0,1.0,1.0,0.80799997,0.384,0.120000005;
905000,1.0,1.0,1.0,0.80999994,0.38,0.14999998;
906000,1.0,1.0,1.0,0.81200004,0.376,0.17999995;
907000,1.0,1.0,1.0,0.814,0.37199998,0.21000004;
908000,1.0,1.0,1.0,0.816,0.36799997,0.24000001;
909000,1.0,1.0,1.0,0.81799996,0.36400002,0.26999998;
910000,1.0,1.0,1.0,0.82000005,0.36,0.29999995;
911000,1.0,1.0,1.0,0.822,0.356,0.33000004;
912000,1.0,1.0,1.0,0.824,0.352,0.36;
913000,1.0,1.0,1.0,0.826,0.348,0.39;
914000,1.0,1.0,1.0,0.82799995,0.34399998,0.41999996;
915000,1.0,1.0,1.0,0.83000004,0.33999997,0.45000005;
916000,1.0,1.0,1.0,0.832,0.33600003,0.48000002;
917000,1.0,1.0,1.0,0.834,0.33200002,0.51;
918000,1.0,1.0,1.0,0.83599997,0.328,0.53999996;
919000,1.0,1.0,1.0,0.83800006,0.324,0.57000005;
920000,1.0,1.0,1.0,0.84000003,0.32,0.6;
921000,1.0,1.0,1.0,0.842,0.31599998,0.63;
922000,1.0,1.0,1.0,0.844,0.31199998,0.65999997;
923000,1.0,1.0,1.0,0.84599996,0.30800003,0.69000006;
924000,1.0,1.0,1.0,0.84800005,0.30400002,0.72;
925000,1.0,1.0,1.0,0.85,0.3,0.75;
926000,1.0,1.0,1.0,0.852,0.296,0.78;
927000,1.0,1.0,1.0,0.854,0.292,0.80999994;
928000,1.0,1.0,1.0,0.85599995,0.288,0.84000003;
929000,1.0,1.0,1.0,0.85800004,0.28399998,0.87;
930000,1.0,1.0,1.0,0.86,0.27999997,0.9;
931000,1.0,1.0,1.0,0.862,0.27600002,0.92999995;
932000,1.0,1.0,1.0,0.86399996,0.272,0.96000004;
933000,1.0,1.0,1.0,0.86600006,0.268,0.99;
934000,1.0,1.0,1.0,0.86800003,0.264,-0.98;
935000,1.0,1.0,1.0,0.87,0.26,-0.95;
936000,1.0,1.0,1.0,0.872,0.25599998,-0.92;
937000,1.0,1.0,1.0,0.87399995,0.25199997,-0.89;
938000,1.0,1.0,1.0,0.87600005,0.24800003,-0.86;
939000,1.0,1.0,1.0,0.878,0.24400002,-0.83;
940000,1.0,1.0,1.0,0.88,0.24000001,-0.8;
941000,1.0,1.0,1.0,0.88199997,0.236,-0.77;
942000,1.0,1.0,1.0,0.88399994,0.232,-0.74;
943000,1.0,1.0,1.0,0.88600004,0.22799999,-0.71000004;
944000,1.0,1.0,1.0,0.888,0.22399998,-0.68;
945000,1.0,1.0,1.0,0.89,0.22000003,-0.65;
946000,1.0,1.0,1.0,0.89199996,0.21600002,-0.62;
947000,1.0,1.0,1.0,0.89400005,0.21200001,-0.59000003;
948000,1.0,1.0,1.0,0.896,0.208,-0.56;
949000,1.0,1.0,1.0,0.898,0.204,-0.53;
950000,1.0,1.0,1.0,0.9,0.19999999,-0.5;
951000,1.0,1.0,1.0,0.90199995,0.19599998,-0.47000003;
952000,1.0,1.0,1.0,0.90400004,0.19199997,-0.44;
953000,1.0,1.0,1.0,0.906,0.18800002,-0.41000003;
954000,1.0,1.0,1.0,0.908,0.18400002,-0.38;
955000,1.0,1.0,1.0,0.90999997,0.18,-0.35000002;
956000,1.0,1.0,1.0,0.91199994,0.176,-0.32;
957000,1.0,1.0,1.0,0.91400003,0.17199999,-0.29000002;
958000,1.0,1.0,1.0,0.916,0.16799998,-0.26;
959000,1.0,1.0,1.0,0.918,0.16399997,-0.23000002;
960000,1.0,1.0,1.0,0.91999996,0.16000003,-0.19999999;
961000,1.0,1.0,1.0,0.92200005,0.15600002,-0.17000002;
962000,1.0,1.0,1.0,0.924,0.15200001,-0.13999999;
963000,1.0,1.0,1.0,0.926,0.148,-0.110000014;
964000,1.0,1.0,1.0,0.928,0.144,-0.07999998;
965000,1.0,1.0,1.0,0.92999995,0.13999999,-0.050000012;
966000,1.0,1.0,1.0,0.93200004,0.13599998,-0.01999998;
967000,1.0,1.0,1.0,0.934,0.13200003,0.00999999;
968000,1.0,1.0,1.0,0.936,0.12800002,0.03999996;
969000,1.0,1.0,1.0,0.93799996,0.12400001,0.07000005;
970000,1.0,1.0,1.0,0.94000006,0.120000005,0.100000024;
971000,1.0,1.0,1.0,0.94200003,0.116,0.13;
972000,1.0,1.0,1.0,0.944,0.11199999,0.15999997;
973000,1.0,1.0,1.0,0.946,0.10799998,0.19000006;
974000,1.0,1.0,1.0,0.94799995,0.10399997,0.22000003;
975000,1.0,1.0,1.0,0.95000005,0.100000024,0.25;
976000,1.0,1.0,1.0,0.952,0.096000016,0.27999997;
977000,1.0,1.0,1.0,0.954,0.09200001,0.30999994;
978000,1.0,1.0,1.0,0.956,0.088,0.34000003;
979000,1.0,1.0,1.0,0.95799994,0.08399999,0.37;
980000,1.0,1.0,1.0,0.96000004,0.07999998,0.39999998;
981000,1.0,1.0,1.0,0.962,0.075999975,0.42999995;
982000,1.0,1.0,1.0,0.964,0.07200003,0.46000004;
983000,1.0,1.0,1.0,0.96599996,0.06800002,0.49;
984000,1.0,1.0,1.0,0.96800005,0.06400001,0.52;
985000,1.0,1.0,1.0,0.97,0.060000002,0.54999995;
986000,1.0,1.0,1.0,0.972,0.055999994,0.58000004;
987000,1.0,1.0,1.0,0.974,0.051999986,0.61;
988000,1.0,1.0,1.0,0.97599995,0.047999978,0.64;
989000,1.0,1.0,1.0,0.97800004,0.04400003,0.66999996;
990000,1.0,1.0,1.0,0.98,0.04000002,0.70000005;
991000,1.0,1.0,1.0,0.982,0.036000013,0.73;
992000,1.0,1.0,1.0,0.98399997,0.032000005,0.76;
993000,1.0,1.0,1.0,0.98599994,0.027999997,0.78999996;
994000,1.0,1.0,1.0,0.98800004,0.023999989,0.82000005;
995000,1.0,1.0,1.0,0.99,0.01999998,0.85;
996000,1.0,1.0,1.0,0.992,0.015999973,0.88;
997000,1.0,1.0,1.0,0.99399996,0.012000024,0.90999997;
998000,1.0,1.0,1.0,0.99600005,0.008000016,0.94000006;
999000,1.0,1.0,1.0,0.998,0.004000008,0.97;
